d,p,logical_error_rate,total_fails,num_shots
3,0.0005,0,0,250
3,0.0007,0,0,250
3,0.001,0,0,250
3,0.0014,0,0,250
3,0.002,0,0,250
3,0.0028,0,0,250
3,0.004,0,0,250
3,0.0056,0,0,250
3,0.008,0.004,1,250
3,0.011,0.004,1,250
3,0.016,0.024,6,250
3,0.022,0.016,4,250
3,0.031,0.076,19,250
3,0.044,0.1,25,250
3,0.063,0.208,52,250
3,0.088,0.28,70,250
3,0.125,0.476,119,250
3,0.176,0.616,154,250
3,0.25,0.744,186,250
5,0.0005,0,0,250
5,0.0007,0,0,250
5,0.001,0,0,250
5,0.0014,0,0,250
5,0.002,0,0,250
5,0.0028,0,0,250
5,0.004,0,0,250
5,0.0056,0.004,1,250
5,0.008,0,0,250
5,0.011,0.004,1,250
5,0.016,0.012,3,250
5,0.022,0.024,6,250
5,0.031,0.052,13,250
5,0.044,0.1,25,250
5,0.063,0.24,60,250
5,0.088,0.436,109,250
5,0.125,0.652,163,250
7,0.0005,0,0,250
7,0.0007,0,0,250
7,0.001,0,0,250
7,0.0014,0,0,250
7,0.002,0,0,250
7,0.0028,0,0,250
7,0.004,0,0,250
7,0.0056,0,0,250
7,0.008,0,0,250
7,0.011,0,0,250
7,0.016,0,0,250
7,0.022,0.004,1,250
7,0.031,0.024,6,250
7,0.044,0.136,34,250
7,0.063,0.372,93,250
7,0.088,0.604,151,250
7,0.125,0.712,178,250
9,0.0005,0,0,250
9,0.0007,0,0,250
9,0.001,0,0,250
9,0.0014,0,0,250
9,0.002,0,0,250
9,0.0028,0,0,250
9,0.004,0,0,250
9,0.0056,0,0,250
9,0.008,0,0,250
9,0.011,0,0,250
9,0.016,0.004,1,250
9,0.022,0,0,250
9,0.031,0.024,6,250
9,0.044,0.116,29,250
9,0.063,0.388,97,250
9,0.088,0.716,179,250
11,0.0005,0,0,250
11,0.0007,0,0,250
11,0.001,0,0,250
11,0.0014,0,0,250
11,0.002,0,0,250
11,0.0028,0,0,250
11,0.004,0,0,250
11,0.0056,0,0,250
11,0.008,0,0,250
11,0.011,0,0,250
11,0.016,0,0,250
11,0.022,0,0,250
11,0.031,0.02,5,250
11,0.044,0.116,29,250
11,0.063,0.54,135,250
11,0.088,0.708,177,250
13,0.0005,0,0,250
13,0.0007,0,0,250
13,0.001,0,0,250
13,0.0014,0,0,250
13,0.002,0,0,250
13,0.0028,0,0,250
13,0.004,0,0,250
13,0.0056,0,0,250
13,0.008,0,0,250
13,0.011,0,0,250
13,0.016,0,0,250
13,0.022,0,0,250
13,0.031,0.004,1,250
13,0.044,0.132,33,250
13,0.063,0.58,145,250
13,0.088,0.728,182,250
15,0.0005,0,0,250
15,0.0007,0,0,250
15,0.001,0,0,250
15,0.0014,0,0,250
15,0.002,0,0,250
15,0.0028,0,0,250
15,0.004,0,0,250
15,0.0056,0,0,250
15,0.008,0,0,250
15,0.011,0,0,250
15,0.016,0,0,250
15,0.022,0,0,250
15,0.031,0.012,3,250
15,0.044,0.132,33,250
15,0.063,0.584,146,250
15,0.088,0.76,190,250
17,0.0005,0,0,250
17,0.0007,0,0,250
17,0.001,0,0,250
17,0.0014,0,0,250
17,0.002,0,0,250
17,0.0028,0,0,250
17,0.004,0,0,250
17,0.0056,0,0,250
17,0.008,0,0,250
17,0.011,0,0,250
17,0.016,0,0,250
17,0.022,0,0,250
17,0.031,0.004,1,250
17,0.044,0.196,49,250
17,0.063,0.672,168,250
